Text;Size
t;593
e;477
a;394
i;347
r;326
n;256
s;234
o;217
l;202
p;184
de;137
c;128
d;115
h;90
g;82
u;81
f;79
m;76
el;65
la;55
en;54
que;53
x;53
tika;45
y;44
un;41
k;39
los;36
v;32
del;31
new;28
apache;24
podemos;23
se;21
es;21
para;21
ta;18
b;18
como;17
texto;17
rg;16
una;16
j;16
ejemplo;15
las;15
con;15
or;14
nos;14
metada;14
por;14
system;14
fichero;13
documento;11
pdf;11
este;10
extraer;10
metadatos;10
name;10
and;10
parser;10
conten;10
información;9
lo;9
document;9
forma;9
ejemplos;8
outpu;8
og;8
utilizar;8
documentos;8
contenido;8
formato;8
z;8
w;8
si;7
distintos;7
tikaappjar;7
sobre;7
encontrar;7
al;7
podremos;7
jar;7
puede;7
salida;6
no;6
gráfico;6
le;6
url;6
id;6
más;6
así;6
xhtml;6
permite;6
xml;6
ver;5
html;5
entrada;5
ficheros;5
realizar;5
org;5
bodyconten;5
práctica;5
on;5
use;5
tipos;5
frecuencia;5
clase;5
ch;5
sax;5
web;5
caso;5
entregar;5
gui;5
siguiente;5
thand;5
formatos;5
utilizando;4
esto;4
proporciona;4
type;4
to;4
th;4
metadata;4
amen;4
met;4
libro;4
me;4
uso;4
descargar;4
depar;4
in;4
image;4
ugr;4
página;4
codificación;4
tada;4
tipo;4
cada;4
tml;4
granada;3
esta;3
automática;3
método;3
tanto;3
estructura;3
permitiendo;3
enlaces;3
loglog;3
considerar;3
cómo;3
incluir;3
su;3
xmlparser;3
px;3
sistemas;3
control;3
www;3
son;3
ly;3
main;3
tamaño;3
mas;3
stream;3
uno;3
partir;3
constantes;3
length;3
digitales;3
cp;3
by;3
sea;3
you;3
mime;3
lenguaje;3
contenthandler;3
simple;3
cuando;3
bien;3
tareas;3
tohtmlhandler;3
pero;3
mismos;3
nivel;3
app;3
datos;3
java;3
etc;3
mode;3
escrito;3
interfaz;3
análisis;3
hemos;3
orden;3
ioma;3
detección;3
parsed;3
herramienta;3
todo;3
textual;3
aplicaciones;3
chxml;3
visto;3
versión;3
menos;3
contenttype;2
poder;2
cuenta;2
can;2
debemos;2
eibe;2
desarrollo;2
vez;2
estructurado;2
from;2
tengamos;2
tohtmlcontenthandler;2
date;2
ika;2
código;2
contenga;2
geo;2
palabras;2
dmime;2
hace;2
sistema;2
búsqueda;2
específicos;2
patrón;2
figure;2
identificar;2
también;2
entender;2
vo;2
acomputación;2
todos;2
sus;2
ejemplosimple;2
ro;2
programa;2
pdfparser;2
of;2
head;2
nombre;2
formateado;2
nuestros;2
dichas;2
utf;2
trabajo;2
elementos;2
hora;2
através;2
action;2
frecuencias;2
parse;2
mundo;2
ge;2
sin;2
genérica;2
ejecutar;2
pueden;2
da;2
ser;2
sólo;2
ello;2
frank;2
plano;2
estamos;2
mismo;2
parsecontext;2
consultar;2
proceso;2
wit;2
generar;2
computación;2
wid;2
alto;2
pasa;2
queremos;2
utilizan;2
tikaen;2
tres;2
inputstream;2
httpstikaapacheorg;2
usan;2
mayoría;2
componentes;2
utilizará;2
utiliza;2
usage;2
recomendación;2
detecta;2
fecha;2
asignatura;2
encuentra;2
entiende;2
parámetro;2
veremos;2
ejecutando;2
obtener;2
png;2
ley;2
models;2
password;2
csv;2
términos;2
considerando;2
deben;2
xtika;2
línea;2
correcto;2
desde;2
representa;2
pxml;2
body;2
names;2
apartado;2
hacer;2
tlanguage;2
cabeceras;2
directorio;2
será;2
donde;2
encoding;2
rgumen;2
podríamos;2
iso;2
francés;2
detectar;2
toxmlcontenthandler;2
eje;2
pasado;2
pasos;2
estos;2
ten;2
xmp;2
pág;2
metadatanames;2
clasificación;1
argumento;1
xls;1
recursos;1
viene;1
programas;1
guihttptikaapacheorghttptikaapacheorg;1
command;1
contenidoejemplosutilizando;1
ordenados;1
mainc;1
tikaexplorando;1
centraremos;1
jukka;1
httpstikaapacheorgexampleshtml;1
parsetostring;1
concreto;1
internamente;1
gif;1
nuestroordenador;1
dará;1
aprendizajeautomático;1
encriptados;1
lasalida;1
comprobar;1
tikaanálisis;1
quelnf;1
lnrpor;1
ede;1
pruebatxt;1
individual;1
encuentran;1
variedad;1
inglés;1
ven;1
ocurrencias;1
documentosetc;1
deficheros;1
indicados;1
decálculo;1
número;1
wiki;1
utilizarlo;1
presentaciones;1
nubepalabras;1
httpswwwtutorialspointcomtika;1
cualquierproceso;1
obtenido;1
aparecer;1
incremental;1
grupos;1
ordenacióny;1
preciso;1
gestionar;1
formasencilla;1
aparecen;1
función;1
leídopero;1
comandospor;1
httpstikaapacheorgformatshtml;1
httpsdecsaiugresen;1
eam;1
out;1
interesados;1
ejecutarjava;1
extensión;1
extension;1
varias;1
bucear;1
addsn;1
septiembre;1
igualforma;1
preprocesado;1
elmime;1
teecontenthandlerque;1
indica;1
tener;1
hacerjavac;1
opciones;1
digitalestikaaplicaciones;1
ya;1
ficheroxhtmlo;1
dondehttpswwwgutenbergorg;1
decrecientede;1
documentosparser;1
mahout;1
artificial;1
grande;1
implementa;1
sacándoledistintos;1
figura;1
dentro;1
normal;1
otra;1
recuperación;1
comose;1
ws;1
podemoscambiar;1
lafigura;1
extraerel;1
isbn;1
utilizadopara;1
drop;1
trabajando;1
seguros;1
internet;1
resourcename;1
conocer;1
exploramos;1
aplicación;1
va;1
ajuste;1
alumno;1
creaamos;1
clavecomo;1
xxxxxx;1
parsear;1
minúsculas;1
httpswordartcomcreatepodemos;1
potencialidades;1
completoen;1
contexto;1
extraen;1
fuente;1
obtenida;1
lasaplicaciones;1
httpsdecsaiugressi;1
open;1
ranking;1
td;1
pasamos;1
utilice;1
untexto;1
diferente;1
comandos;1
one;1
métodos;1
español;1
cualquier;1
ss;1
tikaparserfile;1
propio;1
contextthrows;1
obtenidas;1
podemosencontrar;1
crawler;1
booth;1
simplepara;1
inteligencia;1
independiente;1
parsertrabajando;1
trabajar;1
crearemos;1
trabajardando;1
metadatoshttpstikaapacheorg;1
utilidad;1
httpstikaapacheorgparserhtmlhttpstikaapacheorgparserhtmlhttpstikaapacheorgparserhtml;1
ejemplosmas;1
podéis;1
extraemetadatos;1
handler;1
wordart;1
ngram;1
centrarnos;1
bytes;1
urljava;1
documental;1
cuelgan;1
imized;1
oy;1
utilizadas;1
informe;1
tikapodemos;1
dado;1
os;1
opción;1
ficheropor;1
considerable;1
sean;1
digitalesel;1
multipursose;1
mpeg;1
terminoy;1
genéricos;1
author;1
sigue;1
mp;1
lista;1
entre;1
considerarmetadatos;1
logo;1
salvo;1
dada;1
office;1
comportamiento;1
abstracta;1
krmdonde;1
podemosutilizar;1
loadmode;1
mail;1
extrae;1
actualizada;1
doctype;1
completa;1
wsioexcep;1
llamamos;1
sintener;1
delpdf;1
herramientas;1
especifica;1
zipf;1
tabla;1
known;1
pdfun;1
especifico;1
incluso;1
programastika;1
personasen;1
dos;1
odt;1
lenguajemas;1
textosla;1
messages;1
doc;1
crear;1
destacaralgunas;1
autor;1
deusuario;1
ir;1
ejemplosimplejavajava;1
xmllos;1
integridad;1
text;1
utilizado;1
almacenada;1
completo;1
lnkrm;1
etcel;1
decreciente;1
programasextracción;1
losdocumentos;1
conceptos;1
fork;1
dondecada;1
solo;1
custom;1
clara;1
analizan;1
organización;1
conversión;1
algún;1
json;1
tiene;1
analizar;1
ficherotipo;1
title;1
fr;1
for;1
pequeño;1
parserpodemos;1
leopt;1
final;1
verificación;1
algunos;1
ex;1
debe;1
merece;1
ei;1
ee;1
hacerjava;1
ed;1
apropiados;1
entrega;1
parsearhtml;1
nuestra;1
cerrado;1
parte;1
language;1
entregarfecha;1
httpscwikiapacheorgconfluencedisplaytika;1
dc;1
nube;1
delega;1
incluidos;1
metadatosde;1
undocumento;1
webde;1
gestión;1
pdfmuchos;1
ce;1
muchas;1
sep;1
sintácticos;1
idiomasdiferentes;1
después;1
hoja;1
anterior;1
métodoparsetostring;1
elaborar;1
daremos;1
presentará;1
proyecto;1
disponemos;1
cciaugr;1
importar;1
programapara;1
be;1
acceder;1
algoritmos;1
recomiendaal;1
estopodemos;1
paso;1
sde;1
cual;1
as;1
deforma;1
xmlrss;1
resourcenamekeymás;1
soporte;1
httpsdecsaiugresobteniendo;1
relacionados;1
apartir;1
misma;1
adjunto;1
permiten;1
dev;1
indicará;1
generadas;1
extraído;1
hemosperdido;1
octubreobjetivodocumentos;1
ddu;1
federowicz;1
alternativa;1
animaciones;1
debug;1
jpg;1
localización;1
principal;1
denominada;1
indexaciónhttpstikaapacheorghttpswwwtutorialspointcomtikahttpswwwtutorialspointcomtikahttpscwikiapacheorgconfluencedisplaytikahttpscwikiapacheorgconfluencedisplaytika;1
contenthandlerindicando;1
edicióndistribución;1
comercio;1
quizás;1
enlacesy;1
textopodemos;1
fácil;1
campo;1
textplain;1
novela;1
presenten;1
entienden;1
archivo;1
completoidentificación;1
tikael;1
used;1
sencilla;1
reamos;1
otros;1
dick;1
identificador;1
curvas;1
operaciones;1
identificados;1
width;1
tamañocomo;1
arañas;1
entorno;1
mimeapplicationpdf;1
more;1
contenidocomo;1
wed;1
necesariopara;1
lacename;1
esperar;1
clases;1
determinar;1
allí;1
chris;1
documentot;1
obteniendo;1
pocoprobable;1
almacenadosen;1
buscadoresen;1
tamos;1
tikaseptember;1
previo;1
tareade;1
distintas;1
facade;1
consideramos;1
imagejpegejemplos;1
muestra;1
newo;1
ejemplosa;1
window;1
embargo;1
junio;1
applicationpdf;1
laprácticatext;1
tikaappjarhelp;1
proporcionan;1
xmlns;1
imágenes;1
queremosextraer;1
string;1
httpstikaapacheorgformatshtmlhttpstikaapacheorgformatshtml;1
charsetiso;1
recomienda;1
determinado;1
necesariamentedebe;1
anteriorhttpswordartcomcreate;1
adicionales;1
han;1
representar;1
recurrir;1
limitado;1
ppt;1
cest;1
team;1
teniendo;1
almacenaremos;1
gran;1
agrupar;1
posición;1
where;1
lnkm;1
ellas;1
objetivo;1
applicationmsword;1
pasemosd;1
seanalizará;1
disponibles;1
ejecutarlo;1
capaz;1
vamos;1
ext;1
hermanmelvillese;1
api;1
english;1
seguir;1
tikaincluir;1
lee;1
españa;1
pasar;1
conjuntoopcional;1
ayuda;1
sección;1
consiste;1
dkeys;1
avanzar;1
openst;1
realizamos;1
motores;1
electrónicoapache;1
row;1
gutenberghttpswwwgutenbergorg;1
casos;1
diseño;1
derecharepresenta;1
mattmann;1
aplicacióncliente;1
media;1
tikadescargar;1
formasimple;1
entrar;1
primero;1
were;1
típico;1
atributovalor;1
ream;1
procesar;1
término;1
httptikaapacheorg;1
separados;1
ala;1
listado;1
saxexception;1
modi;1
orgapachetikaparserpdfpdfparserconvirtiendo;1
grupo;1
mínimo;1
aquellos;1
loglogmediante;1
esf;1
etco;1
siguientessalidas;1
ecuación;1
objetos;1
tipode;1
mobi;1
lineal;1
porla;1
xlsxml;1
hacen;1
creados;1
stemmer;1
extracción;1
facilitandoel;1
moby;1
save;1
ficheroque;1
consideren;1
idiomal;1
travésdel;1
veamos;1
idealmentepodremos;1
pueda;1
caracteresreader;1
deanalizadores;1
lenguajecon;1
number;1
mediantejava;1
defecto;1
dezipf;1
título;1
newtohtmlcontenthandler;1
zitting;1
message;1
parserorgapachetikaparserparserde;1
objetivoen;1
estáen;1
fachada;1
elacceso;1
ficherocomo;1
hacerlo;1
leerstreams;1
tiposubtipo;1
tenemos;1
http;1
httpssvnapacheorgreposasftikatrunktikaexamplehttpstikaapacheorgexampleshtmlhttpstikaapacheorgexampleshtmlhttpssvnapacheorgreposasftikatrunktikaexamplehttpssvnapacheorgreposasftikatrunktikaexample;1
tikaexisten;1
tratamiento;1
entregarse;1
especial;1
pdfparserpdfparser;1
primeros;1
básicos;1
reader;1
laocurrencia;1
handlermetadata;1
accedemos;1
the;1
identificación;1
drupa;1
enorgapachetikatika;1
fase;1
modificar;1
propios;1
eltutorial;1
formatoo;1
conjunto;1
castellano;1
example;1
estádar;1
contribución;1
pord;1
absolutas;1
obtenemos;1
siempre;1
semántico;1
version;1
mayor;1
comopor;1
ioexception;1
explorando;1
rag;1
tikaexceptiondonde;1
unmayor;1
tec;1
themes;1
toda;1
pide;1
implementar;1
parsevoid;1
idioma;1
tikaapache;1
caracteres;1
encodingsi;1
